,Variant,Training,CancerPath,Path,Class,Activity,Abundance,Probability_0,Probability_1,Odds_Ratio
0,G6D,1,Non-cancer,0,Benign,1.060841945,0.915432147,0.9764232323780706,0.023576767621929427,0.024146053514630544
1,D38V,1,Non-cancer,0,Benign,0.832779539,0.734457783,0.9007701833782057,0.09922981662179435,0.11016108043191168
2,K46E,1,Non-cancer,0,Benign,1.224551336,1.23886783,0.9919433543502555,0.008056645649744516,0.008122082389494705
3,A45T,1,Non-cancer,0,Benign,1.131251102,1.355232524,0.9851124143863967,0.01488758561360324,0.015112575373315507
4,D49G,1,Non-cancer,0,Benign,0.925692945,0.829097882,0.9439684485869524,0.05603155141304763,0.05935744091544852
5,Y55H,1,Non-cancer,0,Benign,0.213603416,0.634577972,0.1284214604208198,0.8715785395791802,6.786860519442271
6,H99R,1,Cancer,1,Cancer,0.010393934,0.624131425,0.03670638216950539,0.9632936178304946,26.243218778198504
7,H99Y,1,Cancer,1,Cancer,0.009121053,0.111385456,0.03640801456478038,0.9635919854352196,26.46647989334082
8,A103V,1,Cancer,1,Cancer,0.008562352,0.015162383,0.03627779132838116,0.9637222086716188,26.565073930442708
9,D137H,1,Non-cancer,1,PMD,0.585338291,0.569355672,0.6362250591374738,0.3637749408625261,0.5717708468693349
10,E152K,1,Non-cancer,1,PMD,0.639788711,0.979047692,0.7153274061141117,0.2846725938858882,0.3979612572546622
11,R171C,1,Cancer,1,Cancer,0.011149057,0.202442304,0.036884495631370195,0.9631155043686298,26.11166258023878
12,G184R,1,Non-cancer,0,Benign,0.665506963,0.494758534,0.7488640795589663,0.25113592044103367,0.3353558106151077
13,R188W,1,Cancer,1,Cancer,0.016178227,0.080777494,0.038092112913141185,0.9619078870868588,25.25215362246329
14,C189G,1,Non-cancer,1,PMD,0.105059358,0.917592085,0.0667710318226723,0.9332289681773277,13.976554543230034
15,S208P,1,Cancer,1,Cancer,0.016112369,0.159649008,0.03807605620520216,0.9619239437947978,25.26322417980291
16,R232H,1,Non-cancer,0,Benign,0.949896266,0.743097433,0.9519036735932334,0.048096326406766636,0.05052646369691301
17,G260R,1,Cancer,1,Cancer,0.007437413,0.203273043,0.03601694673940581,0.9639830532605942,26.76470774258911
18,G274S,1,Cancer,1,Cancer,0.073379401,0.142385651,0.054773363032863065,0.9452266369671369,17.25704949685155
19,T308M,1,Cancer,1,Cancer,0.009119029,0.284067101,0.03640754199568508,0.9635924580043149,26.46683640764645
20,I319L,1,Non-cancer,0,Benign,0.916624201,0.853826927,0.9406892690174657,0.05931073098253426,0.0630502897566625
21,R352Q,1,Non-cancer,0,Benign,0.969749976,0.773755018,0.957604407631259,0.04239559236874097,0.04427255350005247
22,P372R,1,Non-cancer,0,Benign,1.041147588,1.092947323,0.9732097747086113,0.026790225291388706,0.02752769853694695
23,H407R,1,Cancer,1,Cancer,0.008338995,0.022842577,0.03622585631220443,0.9637741436877956,26.6045924596433
24,V425G,1,Non-cancer,0,Benign,0.849979382,0.639262981,0.9105428853966158,0.08945711460338426,0.09824591025651513
25,G439E,1,Cancer,1,Cancer,0.009980361,0.005027087,0.036609182215809,0.963390817784191,26.315551440211316
26,H447R,1,Cancer,1,Cancer,0.010186638,0.014908366,0.03665763145727052,0.9633423685427295,26.27944933282546
27,R451C,1,Cancer,1,Cancer,0.008764504,1.232760308,0.03632485752028558,0.9636751424797144,26.529357807984546
28,R451H,1,Cancer,1,Cancer,0.006327242,0.677219346,0.035761297050513896,0.9642387029494861,26.96319156398243
29,A454E,1,Cancer,1,Cancer,0.009695432,0.067420328,0.03654236091238294,0.9634576390876171,26.36550061441527
30,A466T,1,Non-cancer,0,Benign,0.497839682,0.5697684,0.4941722349123149,0.5058277650876851,1.023585967304372
31,E472K,1,Non-cancer,0,Benign,0.862029647,1.059625087,0.9168638779846541,0.0831361220153459,0.09067444362415746
32,T508I,1,Non-cancer,1,PMD,0.265193332,0.542897136,0.17198239076214716,0.8280176092378528,4.814548777746711
33,R512Q,1,Non-cancer,1,PMD,0.163835476,0.243994539,0.09567698678917791,0.9043230132108221,9.451834172030077
34,A524V,1,Non-cancer,1,PMD,0.466152028,0.809467262,0.44171546581016785,0.5582845341898321,1.2639008081047385
35,R554Q,1,Non-cancer,0,Benign,0.51617543,0.884716606,0.524659403789386,0.475340596210614,0.9059984301766749
36,R554W,1,Non-cancer,1,PMD,0.245360325,0.504546286,0.15399086800414674,0.8460091319958533,5.493891572668267
37,G555E,1,Non-cancer,1,PMD,0.075200013,0.663078219,0.05540407923261881,0.9445959207673812,17.04921251017301
38,G581R,1,Cancer,1,Cancer,0.010889336,0.030477298,0.03682314076546078,0.9631768592345392,26.156836141961467
39,R585W,1,Cancer,1,Cancer,0.011808036,0.008011009,0.037040610199609914,0.9629593898003901,25.99739541576265
40,R589G,1,Cancer,1,Cancer,0.011743881,0.034450557,0.03702538376877029,0.9629746162312297,26.008497906332778
41,R589Q,1,Cancer,1,Cancer,0.012458191,0.032917336,0.0371952568560836,0.9628047431439164,25.88514839053844
42,R589W,1,Cancer,1,Cancer,0.009064684,0.001025399,0.03639485558193012,0.9636051444180699,26.47641071823611
43,G590S,1,Cancer,1,Cancer,0.003914195,0.00533588,0.03521163490636947,0.9647883650936305,27.399703753008893
44,Y629F,1,Non-cancer,0,Benign,0.931894299,0.788288102,0.9461118215149957,0.05388817848500421,0.05695751523188223
45,V632I,1,Non-cancer,0,Benign,1.031488282,0.812163701,0.9714817160783136,0.02851828392168646,0.029355451008187098
46,E640G,1,Non-cancer,0,Benign,1.008851865,0.384381763,0.9669978953029604,0.0330021046970396,0.03412841419546217
47,V657I,1,Non-cancer,0,Benign,1.188577674,1.328345397,0.9897862418608393,0.010213758139160735,0.010319155497613752
48,A660G,1,Non-cancer,0,Benign,1.180933463,1.167690659,0.9892589031703412,0.010741096829658856,0.01085772065860229
49,C438F,0,VUS,2,VUS,0.035064609,0.040076192,0.04297475211177626,0.9570252478882237,22.269476863974106
50,E564K,0,VUS,2,VUS,0.019607423,1.047834819,0.038937219919688015,0.961062780080312,24.682367720720737
51,G106R,0,VUS,2,VUS,0.006598782,0.102091483,0.035823665273712946,0.964176334726287,26.914508254792963
52,G233V,0,VUS,2,VUS,0.009012966,0.00084513,0.03638278637100634,0.9636172136289937,26.485525429600028
53,G419R,0,VUS,2,VUS,0.003675094,0.001501787,0.03515761599807665,0.9648423840019233,27.443339276892562
54,H296Y,0,VUS,2,VUS,0.009534764,0.496189487,0.036504732945973895,0.9634952670540261,26.393708138612475
55,H592R,0,VUS,2,VUS,0.011695135,0.036949911,0.037013818505901463,0.9629861814940985,26.016936926963115
56,H625Y,0,VUS,2,VUS,0.012080136,0.004721872,0.03710525686496391,0.9628947431350361,25.950359180621525
57,L111R,0,VUS,2,VUS,0.009845349,0.067495461,0.036577504677544725,0.9634224953224553,26.33920776760667
58,L452F,0,VUS,2,VUS,0.020022443,0.156016656,0.039040711785415794,0.9609592882145842,24.614287093340447
59,N118S,0,VUS,2,VUS,0.797246953,0.722890547,0.8775393190799486,0.12246068092005138,0.1395500785633681
60,R171H,0,VUS,2,VUS,0.015555696,0.509354333,0.03794059432230901,0.962059405677691,25.356993554315558
61,R195W,0,VUS,2,VUS,0.022460292,0.16459003,0.03965397583812924,0.9603460241618708,24.218152249905064
62,R312C,0,VUS,2,VUS,0.011326012,1.259383883,0.03692635467368932,0.9630736453263107,26.08092929390936
63,R312H,0,VUS,2,VUS,0.007918953,0.670312057,0.036128381811137866,0.9638716181888621,26.679069747090477
64,R465W,0,VUS,2,VUS,0.393028228,0.528917621,0.3272029029228949,0.6727970970771051,2.0562076041105577
65,R600Q,0,VUS,2,VUS,0.011156118,0.187903014,0.036886165049907826,0.9631138349500922,26.11043554262085
66,R662C,0,VUS,2,VUS,0.01917396,0.779894354,0.03882941005268137,0.9611705899473186,24.753674821308415
67,R97T,0,VUS,2,VUS,0.023562867,0.815973776,0.0399343626239258,0.9600656373760742,24.04109078733291
68,S456L,0,VUS,2,VUS,0.006591754,0.003990273,0.035822049739517525,0.9641779502604825,26.915767167751934
69,S509L,0,VUS,2,VUS,0.011432558,0.834188218,0.036951580362958536,0.9630484196370415,26.0624419896918
70,T143M,0,VUS,2,VUS,0.062967564,0.127595211,0.051294515140121955,0.948705484859878,18.49526176957294
71,T96I,0,VUS,2,VUS,1.032663189,1.548923829,0.9716975543674946,0.02830244563250535,0.029126805460499703
